﻿<?xml version="1.0" encoding="utf-8"?>
<AxisHandlerConfig>
  <Application.PDAdrManualEdit>0</Application.PDAdrManualEdit>
  <Application.VersionNumber>150.200</Application.VersionNumber>
  <Application.XMLConfigType>MultiMotion</Application.XMLConfigType>
  <Axis__0__.AppMod_Modified>0</Axis__0__.AppMod_Modified>
  <Axis__0__.AxisFunction>200</Axis__0__.AxisFunction>
  <Axis__0__.AxisHandler>2</Axis__0__.AxisHandler>
  <Axis__0__.AxisName>Bridge</Axis__0__.AxisName>
  <Axis__0__.AxisNumber>1</Axis__0__.AxisNumber>
  <Axis__0__.ConfDone>TRUE</Axis__0__.ConfDone>
  <Axis__0__.DriveType>2</Axis__0__.DriveType>
  <Axis__0__.Enable>TRUE</Axis__0__.Enable>
  <Axis__0__.Node>1</Axis__0__.Node>
  <Axis__0__.PDInEnd>0</Axis__0__.PDInEnd>
  <Axis__0__.PDInStart>0</Axis__0__.PDInStart>
  <Axis__0__.PDOutEnd>0</Axis__0__.PDOutEnd>
  <Axis__0__.PDOutStart>0</Axis__0__.PDOutStart>
  <Axis__0__.PDUserFile>NONE</Axis__0__.PDUserFile>
  <Axis__0__.SBUS_Address>11</Axis__0__.SBUS_Address>
  <Axis__0__.SBUSGateway_Address>0</Axis__0__.SBUSGateway_Address>
  <Axis__0__.Simulation>FALSE</Axis__0__.Simulation>
  <Axis__0__.UsedPDs>0</Axis__0__.UsedPDs>
  <Axis__1__.AppMod_Modified>0</Axis__1__.AppMod_Modified>
  <Axis__1__.AxisFunction>200</Axis__1__.AxisFunction>
  <Axis__1__.AxisHandler>2</Axis__1__.AxisHandler>
  <Axis__1__.AxisName>Lift</Axis__1__.AxisName>
  <Axis__1__.AxisNumber>2</Axis__1__.AxisNumber>
  <Axis__1__.ConfDone>TRUE</Axis__1__.ConfDone>
  <Axis__1__.DriveType>2</Axis__1__.DriveType>
  <Axis__1__.Enable>TRUE</Axis__1__.Enable>
  <Axis__1__.Node>1</Axis__1__.Node>
  <Axis__1__.PDInEnd>0</Axis__1__.PDInEnd>
  <Axis__1__.PDInStart>0</Axis__1__.PDInStart>
  <Axis__1__.PDOutEnd>0</Axis__1__.PDOutEnd>
  <Axis__1__.PDOutStart>0</Axis__1__.PDOutStart>
  <Axis__1__.PDUserFile>NONE</Axis__1__.PDUserFile>
  <Axis__1__.SBUS_Address>12</Axis__1__.SBUS_Address>
  <Axis__1__.SBUSGateway_Address>0</Axis__1__.SBUSGateway_Address>
  <Axis__1__.Simulation>FALSE</Axis__1__.Simulation>
  <Axis__1__.UsedPDs>0</Axis__1__.UsedPDs>
  <Axis__2__.AppMod_Modified>0</Axis__2__.AppMod_Modified>
  <Axis__2__.AxisFunction>200</Axis__2__.AxisFunction>
  <Axis__2__.AxisHandler>2</Axis__2__.AxisHandler>
  <Axis__2__.AxisName>Width</Axis__2__.AxisName>
  <Axis__2__.AxisNumber>3</Axis__2__.AxisNumber>
  <Axis__2__.ConfDone>TRUE</Axis__2__.ConfDone>
  <Axis__2__.DriveType>0</Axis__2__.DriveType>
  <Axis__2__.Enable>TRUE</Axis__2__.Enable>
  <Axis__2__.Node>1</Axis__2__.Node>
  <Axis__2__.PDInEnd>0</Axis__2__.PDInEnd>
  <Axis__2__.PDInStart>0</Axis__2__.PDInStart>
  <Axis__2__.PDOutEnd>0</Axis__2__.PDOutEnd>
  <Axis__2__.PDOutStart>0</Axis__2__.PDOutStart>
  <Axis__2__.PDUserFile>NONE</Axis__2__.PDUserFile>
  <Axis__2__.SBUS_Address>13</Axis__2__.SBUS_Address>
  <Axis__2__.SBUSGateway_Address>0</Axis__2__.SBUSGateway_Address>
  <Axis__2__.Simulation>FALSE</Axis__2__.Simulation>
  <Axis__2__.UsedPDs>0</Axis__2__.UsedPDs>
  <Config.BaudrateCAN1>1000</Config.BaudrateCAN1>
  <Config.BaudrateCAN2>1000</Config.BaudrateCAN2>
  <Config.BaudrateOSC1>1000</Config.BaudrateOSC1>
  <Config.BaudrateOSC2>1000</Config.BaudrateOSC2>
  <Config.BaudrateOSC3>1000</Config.BaudrateOSC3>
  <Config.BaudrateOSC4>1000</Config.BaudrateOSC4>
  <Config.BaudrateOSC5>1000</Config.BaudrateOSC5>
  <Config.BaudrateOSC6>1000</Config.BaudrateOSC6>
  <Config.BaudrateOSC7>1000</Config.BaudrateOSC7>
  <Config.ByteSwap>FALSE</Config.ByteSwap>
  <Config.CamingTrackingUseSystemUnit>TRUE</Config.CamingTrackingUseSystemUnit>
  <Config.CamingTrackingV10xCompatible>FALSE</Config.CamingTrackingV10xCompatible>
  <Config.ConfigMSUserLvl>0</Config.ConfigMSUserLvl>
  <Config.ConfigTimeStamp>1534260751</Config.ConfigTimeStamp>
  <Config.IOMask>0</Config.IOMask>
  <Config.LifeCycleBitTime>100</Config.LifeCycleBitTime>
  <Config.MaintenanceSwitch_disabled>0</Config.MaintenanceSwitch_disabled>
  <Config.MasterType>58</Config.MasterType>
  <Config.NumberOfAxis>3</Config.NumberOfAxis>
  <Config.NumberOfFuncMod>0</Config.NumberOfFuncMod>
  <Config.SelfMadeConfig>FALSE</Config.SelfMadeConfig>
  <Config.UseParameterchannel>FALSE</Config.UseParameterchannel>
  <Config.UserDefinedTaskTime>0</Config.UserDefinedTaskTime>
  <Config.WriteSignatureToDevices>0</Config.WriteSignatureToDevices>
  <FuncMod__0__.AppMod_Modified>0</FuncMod__0__.AppMod_Modified>
  <FuncMod__0__.ConfDone>FALSE</FuncMod__0__.ConfDone>
  <FuncMod__0__.Enable>TRUE</FuncMod__0__.Enable>
  <FuncMod__0__.FuncModType>0</FuncMod__0__.FuncModType>
  <FuncMod__0__.PDEnd>0</FuncMod__0__.PDEnd>
  <FuncMod__0__.PDStart>0</FuncMod__0__.PDStart>
  <FuncMod__0__.UsedPDs>0</FuncMod__0__.UsedPDs>
</AxisHandlerConfig>