﻿<?xml version="1.0" encoding="utf-8"?>
<AxisConfigA1>
  <Caming.Activate>TRUE</Caming.Activate>
  <Caming.CamConfiguration.CamSettings.Change.CamChangeTime>0</Caming.CamConfiguration.CamSettings.Change.CamChangeTime>
  <Caming.CamConfiguration.CamSettings.Change.Event>0</Caming.CamConfiguration.CamSettings.Change.Event>
  <Caming.CamConfiguration.CamSettings.Change.MasterDistance>0</Caming.CamConfiguration.CamSettings.Change.MasterDistance>
  <Caming.CamConfiguration.CamSettings.Change.MasterValue>0</Caming.CamConfiguration.CamSettings.Change.MasterValue>
  <Caming.CamConfiguration.CamSettings.Change.Offset>0</Caming.CamConfiguration.CamSettings.Change.Offset>
  <Caming.CamConfiguration.CamSettings.Change.Transition>0</Caming.CamConfiguration.CamSettings.Change.Transition>
  <Caming.CamConfiguration.CamSettings.Change.TransitionParameter.TransitionType>0</Caming.CamConfiguration.CamSettings.Change.TransitionParameter.TransitionType>
  <Caming.CamConfiguration.CamSettings.Master.MasterCycle>0</Caming.CamConfiguration.CamSettings.Master.MasterCycle>
  <Caming.CamConfiguration.CamSettings.Master.MasterCycleEditable>FALSE</Caming.CamConfiguration.CamSettings.Master.MasterCycleEditable>
  <Caming.CamConfiguration.CamSettings.Master.ModuloMax>0</Caming.CamConfiguration.CamSettings.Master.ModuloMax>
  <Caming.CamConfiguration.CamSettings.Master.ModuloMin>0</Caming.CamConfiguration.CamSettings.Master.ModuloMin>
  <Caming.CamConfiguration.CamSettings.Mode>0</Caming.CamConfiguration.CamSettings.Mode>
  <Caming.CamConfiguration.CamSettings.PresetCounter>0</Caming.CamConfiguration.CamSettings.PresetCounter>
  <Caming.CamConfiguration.CamSettings.Start.CamInTime>0</Caming.CamConfiguration.CamSettings.Start.CamInTime>
  <Caming.CamConfiguration.CamSettings.Start.Event>0</Caming.CamConfiguration.CamSettings.Start.Event>
  <Caming.CamConfiguration.CamSettings.Start.MasterDistance>0</Caming.CamConfiguration.CamSettings.Start.MasterDistance>
  <Caming.CamConfiguration.CamSettings.Start.MasterStartPosition>0</Caming.CamConfiguration.CamSettings.Start.MasterStartPosition>
  <Caming.CamConfiguration.CamSettings.Start.MasterValue>0</Caming.CamConfiguration.CamSettings.Start.MasterValue>
  <Caming.CamConfiguration.CamSettings.Start.Mode>0</Caming.CamConfiguration.CamSettings.Start.Mode>
  <Caming.CamConfiguration.CamSettings.Start.Offset>0</Caming.CamConfiguration.CamSettings.Start.Offset>
  <Caming.CamConfiguration.CamSettings.Start.StartDelayDistance>0</Caming.CamConfiguration.CamSettings.Start.StartDelayDistance>
  <Caming.CamConfiguration.CamSettings.Start.Transition>0</Caming.CamConfiguration.CamSettings.Start.Transition>
  <Caming.CamConfiguration.CamSettings.Start.TransitionParameter.TransitionType>0</Caming.CamConfiguration.CamSettings.Start.TransitionParameter.TransitionType>
  <Caming.CamConfiguration.CamSettings.Stop.CamOutPosition>0</Caming.CamConfiguration.CamSettings.Stop.CamOutPosition>
  <Caming.CamConfiguration.CamSettings.Stop.CamOutTime>0</Caming.CamConfiguration.CamSettings.Stop.CamOutTime>
  <Caming.CamConfiguration.CamSettings.Stop.Event>0</Caming.CamConfiguration.CamSettings.Stop.Event>
  <Caming.CamConfiguration.CamSettings.Stop.MasterDistance>0</Caming.CamConfiguration.CamSettings.Stop.MasterDistance>
  <Caming.CamConfiguration.CamSettings.Stop.MasterStopPosition>0</Caming.CamConfiguration.CamSettings.Stop.MasterStopPosition>
  <Caming.CamConfiguration.CamSettings.Stop.MasterValue>0</Caming.CamConfiguration.CamSettings.Stop.MasterValue>
  <Caming.CamConfiguration.CamSettings.Stop.Mode>0</Caming.CamConfiguration.CamSettings.Stop.Mode>
  <Caming.CamConfiguration.CamSettings.Stop.Transition>0</Caming.CamConfiguration.CamSettings.Stop.Transition>
  <Caming.CamConfiguration.CamSettings.Stop.TransitionParameter.TransitionType>0</Caming.CamConfiguration.CamSettings.Stop.TransitionParameter.TransitionType>
  <Caming.CamConfiguration.PresetValue>0</Caming.CamConfiguration.PresetValue>
  <Caming.Denominator>1</Caming.Denominator>
  <Caming.FileName>NONE</Caming.FileName>
  <Caming.InterpolationMode>0</Caming.InterpolationMode>
  <Caming.MasterAxisName>
  </Caming.MasterAxisName>
  <Caming.MasterAxisNumber>0</Caming.MasterAxisNumber>
  <Caming.MasterSource>0</Caming.MasterSource>
  <Caming.MasterType>0</Caming.MasterType>
  <Caming.Mode>0</Caming.Mode>
  <Caming.Numerator>1</Caming.Numerator>
  <General.AxisLimits.EnableRapidStopDeceleration>1500</General.AxisLimits.EnableRapidStopDeceleration>
  <General.AxisLimits.EnableStopDeceleration>1500</General.AxisLimits.EnableStopDeceleration>
  <General.AxisLimits.SystemMaxAcceleration>0</General.AxisLimits.SystemMaxAcceleration>
  <General.AxisLimits.SystemMaxDeceleration>0</General.AxisLimits.SystemMaxDeceleration>
  <General.AxisLimits.SystemMaxVelocity>1300</General.AxisLimits.SystemMaxVelocity>
  <General.AxisType>0</General.AxisType>
  <General.BrakeFunction>2</General.BrakeFunction>
  <General.CommunicationNodeAxis>0</General.CommunicationNodeAxis>
  <General.CommunicationTimeOut>200</General.CommunicationTimeOut>
  <General.DriveSettings.ELVCD.SerialNumber>0</General.DriveSettings.ELVCD.SerialNumber>
  <General.DriveSettings.MoviDriveB.SmoothEnable>FALSE</General.DriveSettings.MoviDriveB.SmoothEnable>
  <General.EnableOpenBrake>0</General.EnableOpenBrake>
  <General.EncoderResolution>65536</General.EncoderResolution>
  <General.InterpolationTime>10</General.InterpolationTime>
  <General.LagErrorWindow>65536</General.LagErrorWindow>
  <General.LimitSwitch.ClearSpeed>20</General.LimitSwitch.ClearSpeed>
  <General.LimitSwitch.Deceleration>1500</General.LimitSwitch.Deceleration>
  <General.LimitSwitch.EnableHardwareLimitSwitch>1</General.LimitSwitch.EnableHardwareLimitSwitch>
  <General.LimitSwitch.Negative>0</General.LimitSwitch.Negative>
  <General.LimitSwitch.Positive>0</General.LimitSwitch.Positive>
  <General.MappingAnalogueValues>0</General.MappingAnalogueValues>
  <General.Modulo.InternalModuloResolution>65536</General.Modulo.InternalModuloResolution>
  <General.Modulo.MaxValue>65536</General.Modulo.MaxValue>
  <General.Modulo.MinValue>0</General.Modulo.MinValue>
  <General.OffsetTime>0</General.OffsetTime>
  <General.PositionWindow>50</General.PositionWindow>
  <General.RapidStopDeceleration>1500</General.RapidStopDeceleration>
  <General.RefreshTime>10</General.RefreshTime>
  <General.RotationDirectionReversal>0</General.RotationDirectionReversal>
  <General.SourceActualPosition>1</General.SourceActualPosition>
  <General.SpeedWindow>50</General.SpeedWindow>
  <General.SyncPhase>870</General.SyncPhase>
  <General.UserUnits.Denominator>25000</General.UserUnits.Denominator>
  <General.UserUnits.DriveType>2</General.UserUnits.DriveType>
  <General.UserUnits.ExternalEncoder.Activate>TRUE</General.UserUnits.ExternalEncoder.Activate>
  <General.UserUnits.ExternalEncoder.Denominator>367500</General.UserUnits.ExternalEncoder.Denominator>
  <General.UserUnits.ExternalEncoder.EncoderResolution>10</General.UserUnits.ExternalEncoder.EncoderResolution>
  <General.UserUnits.ExternalEncoder.IsLinearEncoder>TRUE</General.UserUnits.ExternalEncoder.IsLinearEncoder>
  <General.UserUnits.ExternalEncoder.Numerator>65449847</General.UserUnits.ExternalEncoder.Numerator>
  <General.UserUnits.ExternalEncoder.UseMeasuredRatio>FALSE</General.UserUnits.ExternalEncoder.UseMeasuredRatio>
  <General.UserUnits.InternalSettings.EncoderType>0</General.UserUnits.InternalSettings.EncoderType>
  <General.UserUnits.InternalSettings.ExternalRatioDenominator>1</General.UserUnits.InternalSettings.ExternalRatioDenominator>
  <General.UserUnits.InternalSettings.ExternalRatioNumerator>1</General.UserUnits.InternalSettings.ExternalRatioNumerator>
  <General.UserUnits.InternalSettings.GearRatioDenominator>100</General.UserUnits.InternalSettings.GearRatioDenominator>
  <General.UserUnits.InternalSettings.GearRatioNumerator>2205</General.UserUnits.InternalSettings.GearRatioNumerator>
  <General.UserUnits.InternalSettings.ModuloMinMaxDifference>1</General.UserUnits.InternalSettings.ModuloMinMaxDifference>
  <General.UserUnits.InternalSettings.UserUnitDenominator>1</General.UserUnits.InternalSettings.UserUnitDenominator>
  <General.UserUnits.InternalSettings.UserUnitFactor>1</General.UserUnits.InternalSettings.UserUnitFactor>
  <General.UserUnits.InternalSettings.UserUnitNumerator>1</General.UserUnits.InternalSettings.UserUnitNumerator>
  <General.UserUnits.Modulo>FALSE</General.UserUnits.Modulo>
  <General.UserUnits.Numerator>91995936</General.UserUnits.Numerator>
  <General.UserUnits.ScalingEnteredManually>FALSE</General.UserUnits.ScalingEnteredManually>
  <General.UserUnits.SpeedTimeBase>1</General.UserUnits.SpeedTimeBase>
  <General.UserUnits.Unit>mm</General.UserUnits.Unit>
  <General.UserUnits.UserUnitMode>0</General.UserUnits.UserUnitMode>
  <General.UserUnits.UserUnitsInternal.LinEnc.Act>TRUE</General.UserUnits.UserUnitsInternal.LinEnc.Act>
  <General.UserUnits.UserUnitsInternal.LinEnc.Den>1000</General.UserUnits.UserUnitsInternal.LinEnc.Den>
  <General.UserUnits.UserUnitsInternal.LinEnc.Num>10000</General.UserUnits.UserUnitsInternal.LinEnc.Num>
  <General.UserUnits.UserUnitsInternal.LinEnc.Resol>10</General.UserUnits.UserUnitsInternal.LinEnc.Resol>
  <General.UserUnits.UserUnitsInternal.ScalingDriveWheel.Commissioned>TRUE</General.UserUnits.UserUnitsInternal.ScalingDriveWheel.Commissioned>
  <General.UserUnits.UserUnitsInternal.ScalingDriveWheel.Denominator>500000</General.UserUnits.UserUnitsInternal.ScalingDriveWheel.Denominator>
  <General.UserUnits.UserUnitsInternal.ScalingDriveWheel.Diameter>125</General.UserUnits.UserUnitsInternal.ScalingDriveWheel.Diameter>
  <General.UserUnits.UserUnitsInternal.ScalingDriveWheel.Numerator>196349541</General.UserUnits.UserUnitsInternal.ScalingDriveWheel.Numerator>
  <General.UserUnits.UserUnitsInternal.ScalingDriveWheel.Unit>2</General.UserUnits.UserUnitsInternal.ScalingDriveWheel.Unit>
  <General.UserUnits.UserUnitsInternal.ScalingGear.Commissioned>TRUE</General.UserUnits.UserUnitsInternal.ScalingGear.Commissioned>
  <General.UserUnits.UserUnitsInternal.ScalingGear.Denominator>2205</General.UserUnits.UserUnitsInternal.ScalingGear.Denominator>
  <General.UserUnits.UserUnitsInternal.ScalingGear.InputGear__0__>299</General.UserUnits.UserUnitsInternal.ScalingGear.InputGear__0__>
  <General.UserUnits.UserUnitsInternal.ScalingGear.InputGear__1__>1</General.UserUnits.UserUnitsInternal.ScalingGear.InputGear__1__>
  <General.UserUnits.UserUnitsInternal.ScalingGear.InputGear__2__>1</General.UserUnits.UserUnitsInternal.ScalingGear.InputGear__2__>
  <General.UserUnits.UserUnitsInternal.ScalingGear.InputGear__3__>1</General.UserUnits.UserUnitsInternal.ScalingGear.InputGear__3__>
  <General.UserUnits.UserUnitsInternal.ScalingGear.Numerator>100</General.UserUnits.UserUnitsInternal.ScalingGear.Numerator>
  <General.UserUnits.UserUnitsInternal.ScalingGear.OutputGear__0__>3182</General.UserUnits.UserUnitsInternal.ScalingGear.OutputGear__0__>
  <General.UserUnits.UserUnitsInternal.ScalingGear.OutputGear__1__>1</General.UserUnits.UserUnitsInternal.ScalingGear.OutputGear__1__>
  <General.UserUnits.UserUnitsInternal.ScalingGear.OutputGear__2__>1</General.UserUnits.UserUnitsInternal.ScalingGear.OutputGear__2__>
  <General.UserUnits.UserUnitsInternal.ScalingGear.OutputGear__3__>1</General.UserUnits.UserUnitsInternal.ScalingGear.OutputGear__3__>
  <General.UserUnits.UserUnitsInternal.ScalingMotor.Denominator>1</General.UserUnits.UserUnitsInternal.ScalingMotor.Denominator>
  <General.UserUnits.UserUnitsInternal.ScalingMotor.EncoderResolution>65536</General.UserUnits.UserUnitsInternal.ScalingMotor.EncoderResolution>
  <General.UserUnits.UserUnitsInternal.ScalingMotor.Numerator>1</General.UserUnits.UserUnitsInternal.ScalingMotor.Numerator>
  <General.UserUnits.UserUnitsInternal.ScalingMotor.Pic>0</General.UserUnits.UserUnitsInternal.ScalingMotor.Pic>
  <General.UserUnits.UserUnitsInternal.ScalingMotor.Unit>0</General.UserUnits.UserUnitsInternal.ScalingMotor.Unit>
  <General.UserUnits.VersMod>1</General.UserUnits.VersMod>
  <General.UseSyncPhase>TRUE</General.UseSyncPhase>
  <General.VirtualPositionRetain>FALSE</General.VirtualPositionRetain>
  <Homing.Activate>TRUE</Homing.Activate>
  <Homing.ClearSpeed>50</Homing.ClearSpeed>
  <Homing.EnableReferenceCam>0</Homing.EnableReferenceCam>
  <Homing.ReferenceOffset>2000</Homing.ReferenceOffset>
  <Homing.ReferenceTravelType>5</Homing.ReferenceTravelType>
  <Homing.SearchSpeed>200</Homing.SearchSpeed>
  <Homing.ToZeroPulse>FALSE</Homing.ToZeroPulse>
  <IO.AnalogInputMode>0</IO.AnalogInputMode>
  <IO.AppStandard>0</IO.AppStandard>
  <IO.EnableFirmwareOutput>FALSE</IO.EnableFirmwareOutput>
  <IO.UseGIO>0</IO.UseGIO>
  <Jog.Activate>TRUE</Jog.Activate>
  <Positioning.Activate>TRUE</Positioning.Activate>
  <Positioning.TargetPosMonitoring>FALSE</Positioning.TargetPosMonitoring>
  <Positioning.WithoutReferencedEncoder>FALSE</Positioning.WithoutReferencedEncoder>
  <PositioningRelative.Activate>TRUE</PositioningRelative.Activate>
  <PositioningRelative.ContinueRelativeMove>FALSE</PositioningRelative.ContinueRelativeMove>
  <PositioningRelative.Mode>0</PositioningRelative.Mode>
  <PositioningRelative.TargetPosMonitoring>FALSE</PositioningRelative.TargetPosMonitoring>
  <SendObject.Activate>FALSE</SendObject.Activate>
  <SendObject.CycleTime>0</SendObject.CycleTime>
  <SendObject.EncoderResolution>65536</SendObject.EncoderResolution>
  <SendObject.Modulo.InternalModuloResolution>65536</SendObject.Modulo.InternalModuloResolution>
  <SendObject.Modulo.MaxValue>65536</SendObject.Modulo.MaxValue>
  <SendObject.Modulo.MinValue>0</SendObject.Modulo.MinValue>
  <SendObject.ReferenceOffset>0</SendObject.ReferenceOffset>
  <SendObject.SendObjectType>0</SendObject.SendObjectType>
  <SendObject.Source>0</SendObject.Source>
  <SendObject.UserUnits.Denominator>1</SendObject.UserUnits.Denominator>
  <SendObject.UserUnits.DriveType>0</SendObject.UserUnits.DriveType>
  <SendObject.UserUnits.ExternalEncoder.Activate>FALSE</SendObject.UserUnits.ExternalEncoder.Activate>
  <SendObject.UserUnits.ExternalEncoder.Denominator>1</SendObject.UserUnits.ExternalEncoder.Denominator>
  <SendObject.UserUnits.ExternalEncoder.EncoderResolution>1</SendObject.UserUnits.ExternalEncoder.EncoderResolution>
  <SendObject.UserUnits.ExternalEncoder.IsLinearEncoder>FALSE</SendObject.UserUnits.ExternalEncoder.IsLinearEncoder>
  <SendObject.UserUnits.ExternalEncoder.Numerator>1</SendObject.UserUnits.ExternalEncoder.Numerator>
  <SendObject.UserUnits.ExternalEncoder.UseMeasuredRatio>FALSE</SendObject.UserUnits.ExternalEncoder.UseMeasuredRatio>
  <SendObject.UserUnits.InternalSettings.EncoderType>0</SendObject.UserUnits.InternalSettings.EncoderType>
  <SendObject.UserUnits.InternalSettings.ExternalRatioDenominator>1</SendObject.UserUnits.InternalSettings.ExternalRatioDenominator>
  <SendObject.UserUnits.InternalSettings.ExternalRatioNumerator>1</SendObject.UserUnits.InternalSettings.ExternalRatioNumerator>
  <SendObject.UserUnits.InternalSettings.GearRatioDenominator>1</SendObject.UserUnits.InternalSettings.GearRatioDenominator>
  <SendObject.UserUnits.InternalSettings.GearRatioNumerator>1</SendObject.UserUnits.InternalSettings.GearRatioNumerator>
  <SendObject.UserUnits.InternalSettings.ModuloMinMaxDifference>1</SendObject.UserUnits.InternalSettings.ModuloMinMaxDifference>
  <SendObject.UserUnits.InternalSettings.UserUnitDenominator>1</SendObject.UserUnits.InternalSettings.UserUnitDenominator>
  <SendObject.UserUnits.InternalSettings.UserUnitFactor>1</SendObject.UserUnits.InternalSettings.UserUnitFactor>
  <SendObject.UserUnits.InternalSettings.UserUnitNumerator>1</SendObject.UserUnits.InternalSettings.UserUnitNumerator>
  <SendObject.UserUnits.Modulo>FALSE</SendObject.UserUnits.Modulo>
  <SendObject.UserUnits.Numerator>65536</SendObject.UserUnits.Numerator>
  <SendObject.UserUnits.ScalingEnteredManually>FALSE</SendObject.UserUnits.ScalingEnteredManually>
  <SendObject.UserUnits.SpeedTimeBase>0</SendObject.UserUnits.SpeedTimeBase>
  <SendObject.UserUnits.Unit>rev.</SendObject.UserUnits.Unit>
  <SendObject.UserUnits.UserUnitMode>0</SendObject.UserUnits.UserUnitMode>
  <SendObject.UserUnits.UserUnitsInternal.ScalingMotor.Denominator>1</SendObject.UserUnits.UserUnitsInternal.ScalingMotor.Denominator>
  <SendObject.UserUnits.UserUnitsInternal.ScalingMotor.EncoderResolution>65536</SendObject.UserUnits.UserUnitsInternal.ScalingMotor.EncoderResolution>
  <SendObject.UserUnits.UserUnitsInternal.ScalingMotor.Numerator>1</SendObject.UserUnits.UserUnitsInternal.ScalingMotor.Numerator>
  <SendObject.UserUnits.UserUnitsInternal.ScalingMotor.Pic>1</SendObject.UserUnits.UserUnitsInternal.ScalingMotor.Pic>
  <SendObject.UserUnits.UserUnitsInternal.ScalingMotor.Unit>0</SendObject.UserUnits.UserUnitsInternal.ScalingMotor.Unit>
  <SendObject.UserUnits.VersMod>1</SendObject.UserUnits.VersMod>
  <Simulation.Activate>FALSE</Simulation.Activate>
  <TouchProbe.Activate>FALSE</TouchProbe.Activate>
  <TouchProbe.Event>0</TouchProbe.Event>
  <TouchProbe.Source>0</TouchProbe.Source>
  <TouchProbe.VirtualAxisName>
  </TouchProbe.VirtualAxisName>
  <TouchProbe.VirtualAxisNumber>0</TouchProbe.VirtualAxisNumber>
  <Tracking.Activate>TRUE</Tracking.Activate>
  <Tracking.Denominator>1</Tracking.Denominator>
  <Tracking.MasterAxisName>
  </Tracking.MasterAxisName>
  <Tracking.MasterAxisNumber>0</Tracking.MasterAxisNumber>
  <Tracking.MasterMax>0</Tracking.MasterMax>
  <Tracking.MasterMin>0</Tracking.MasterMin>
  <Tracking.MasterSource>0</Tracking.MasterSource>
  <Tracking.MasterType>0</Tracking.MasterType>
  <Tracking.Numerator>1</Tracking.Numerator>
  <Transparent.Activate>FALSE</Transparent.Activate>
  <Transparent.CanParamChannel>2</Transparent.CanParamChannel>
  <Transparent.CycleTime>5</Transparent.CycleTime>
  <Transparent.Endianess>0</Transparent.Endianess>
  <Transparent.InverterTechnologyFunction>99</Transparent.InverterTechnologyFunction>
  <Transparent.ProcessDataCount>0</Transparent.ProcessDataCount>
  <Transparent.TimeOut>100</Transparent.TimeOut>
  <UserPDMonText1>
  </UserPDMonText1>
  <UserPDMonText2>
  </UserPDMonText2>
  <UserPDMonText3>
  </UserPDMonText3>
  <UserPDMonText4>
  </UserPDMonText4>
  <UserPDMonText5>
  </UserPDMonText5>
  <UserPDMonText6>
  </UserPDMonText6>
  <UserPDMonText7>
  </UserPDMonText7>
  <UserPDMonText8>
  </UserPDMonText8>
  <UserPDMonText9>
  </UserPDMonText9>
  <UserPDMonText10>
  </UserPDMonText10>
  <Velocity.Activate>TRUE</Velocity.Activate>
  <Velocity.StopAtPosition>0</Velocity.StopAtPosition>
  <Velocity.StopPosition>0</Velocity.StopPosition>
</AxisConfigA1>